libelle;isin;quantite;pru;dernier cours;valorisation;plus/moins value;perf (%)
LVMH;FR0000121014;10;350,00;378,55;3785,50;285,50;8,16
TOTALENERGIES;FR0000120271;50;68,00;74,46;3723,00;323,00;9,50
AIR LIQUIDE;FR0000120073;25;155,00;170,16;4254,00;379,00;9,78
SCHNEIDER ELECTRIC;FR0000121972;15;270,00;303,00;4545,00;495,00;12,22
BNP PARIBAS;FR0000131104;40;85,00;92,06;3682,40;282,40;8,31
SAFRAN;FR0000073272;12;300,00;330,10;3961,20;361,20;10,03
SANOFI;FR0000120578;30;72,00;70,81;2124,30;-35,70;-1,65
GTT (GAZTRANSPORT ET TEC.);FR0011726835;15;190,00;210,00;3150,00;300,00;10,53
2CRSI;FR0013341781;100;24,50;26,82;2682,00;232,00;9,47
ORANGE;FR0000133308;150;12,80;13,98;2097,00;177,00;9,22
